"stock_comparison","species","ty_old","ty_recent"
"ATBTUNAEATL_1","Thunnus thynnus",2015,2016
"COD4TVn_1","Gadus morhua",2011,2015
"HERR4TFA_1","Clupea harengus",2007,2014
"HERR4TSP_1","Clupea harengus",2007,2014
"RSOLEHSTR_1","Lepidopsetta bilineata",2001,2014
"HERR30-31_1","Clupea harengus",2017,2018
"WHITVIIa_1","Merlangius merlangus",2016,2017
"SAURNWPAC_1","Cololabis saira",2010,2013
"ANGLMEDGSA15-16_1","Lophius budegassa",2010,2011
"SOLMEDGSA17_1","Solea solea",2011,2014
"PSHRMPMEDGSA6_1","Parapenaeus longirostris",2011,2012
"NEPHMEDGSA5_1","Nephrops norvegicus",2011,2013
"RDSHRMPMEDGSA6_1","Aristeus antennatus",2011,2014
"ANCHMEDGSA17-18_1","Engraulis encrasicolus",2013,2015
"NEPHMEDGSA9_1","Nephrops norvegicus",2013,2015
"RSHRMPMEDGSA1_1","Parapenaeus longirostris",2012,2015
"SARDMEDGSA17-18_1","Sardina pilchardus",2013,2015
"SARDMEDGSA6_1","Sardina pilchardus",2013,2015
"SMULLMEDGSA9_1","Mullus surmuletus",2010,2015
"SPRBLKGSA29_1","Sprattus sprattus",2010,2014
"TURBLKGSA29_1","Scophthalmus maximus",2010,2014
"WHITMEDGSA29_1","Merlangius merlangus",2011,2014
"AUSSALMONNZ_1","Arripis trutta",2006,2013
"HOKIENZ_1","Macruronus novaezelandiae",2012,2015
"HOKIWNZ_1","Macruronus novaezelandiae",2012,2015
"PAUANPAU5A_1","Haliotis iris",2010,2014
"PAUAPAU7_1","Haliotis iris",2011,2015
"PAUASPAU5A_1","Haliotis iris",2009,2014
"SCMPBP_1","Metanephrops challengeri",2010,2012
"SCMPWHB_1","Metanephrops challengeri",2010,2012
"SMOOTHOREOCR_1","Pseudocyttus maculatus",2010,2013
"SOUTHHAKESA_1","Merluccius australis",2011,2014
"SBWHITACIR_1","Micromesistius australis",2011,2013
"PAUAPAU5B_1","Haliotis iris",2007,2013
"PAUAPAU5D_1","Haliotis iris",2006,2012
"PCODGA_1","Gadus macrocephalus",2014,2015
"SNOWCRABBS_1","Chionoecetes opilio",2013,2015
"TANNERCRABBSAI_1","Chionoecetes bairdi",2013,2015
"ACADREDGOMGB_1","Sebastes fasciatus",2007,2014
"AMPL5YZ_1","Hippoglossoides platessoides",2010,2014
"CODGOM_1","Gadus morhua",2011,2014
"HAD5Y_1","Melanogrammus aeglefinus",2011,2014
"HADGB_1","Melanogrammus aeglefinus",2010,2014
"HERRNWATLC_1","Clupea harengus",2011,2014
"POLL5YZ_1","Pollachius virens",2009,2014
"SCUPNWATLC_1","Stenotomus chrysops",2007,2014
"SDOGATLC_1","Squalus acanthias",2006,2015
"SFLOUNMATLC_1","Paralichthys dentatus",2012,2014
"WHAKEGBGOM_1","Urophycis tenuis",2011,2014
"WINFLOUN5Z_1","Pseudopleuronectes americanus",2011,2014
"WITFLOUN5Y_1","Glyptocephalus cynoglossus",2008,2014
"YELLCCODGOM_1","Limanda ferruginea",2008,2014
"YELLSNEMATL_1","Limanda ferruginea",2011,2014
"BRNSHRIMPGM_1","Farfantepenaeus aztecus",2011,2014
"GTRIGGM_1","Balistes capriscus",2010,2013
"MENATGM_1","Brevoortia patronus",2011,2017
"PINKSHRIMPGM_1","Farfantepenaeus duorarum",2011,2013
"VSNAPGM_1","Rhomboplites aurorubens",2004,2014
"WSHRIMPGM_1","Litopenaeus setiferus",2011,2014
"PHAKEPCOAST_1","Merluccius productus",2015,2016
"BIGEYEATL_1","Thunnus obesus",2010,2016
"YFINATL_1","Thunnus albacares",2011,2016
"BGRDRNSWWA_1","Macruronus novaezelandiae",2012,2017
"BIGHTREDSE_1","Centroberyx gerrardi",2007,2014
"DEEPFLATHEADSE_1","Platycephalus conatus",2007,2015
"MORWONGESE_1","Nemadactylus macropterus",2014,2017
"MORWONGWSE_1","Nemadactylus macropterus",2014,2017
"OROUGHYSE_1","Hoplostethus atlanticus",2007,2013
"REDFEAUS_1","Centroberyx affinis",2013,2016
"TIGERFLATSE_1","Platycephalus richardsoni",2006,2015
"WAREHOUESE_1","Seriolella brama",2006,2008
"WAREHOUWSE_1","Seriolella brama",2006,2008
"AMPL23K_1","Hippoglossoides platessoides",2004,2012
"COD3Pn4RS_1","Gadus morhua",2012,2015
"COD3Ps_1","Gadus morhua",2011,2014
"HAD4X5Y_1","Melanogrammus aeglefinus",2011,2014
"MACKNWATLSA3-4_1","Scomber scombrus",2011,2014
"SNOWCRABSGSL_1","Chionoecetes opilio",2007,2014
"REDFISHSPP3M_1","Sebastes spp",2006,2014
"PCODHS_1","Gadus macrocephalus",2005,2014
"SPURDNEATL_1","Squalus acanthias",2014,2016
"SBT_1","Thunnus maccoyii",2014,2016
"CMACKPJPN_1","Scomber japonicus",2009,2013
"JMACKPJPN_1","Trachurus japonicus",2009,2013
"JMACKTSST_1","Trachurus japonicus",2010,2013
"OFLOUNECS_1","Paralichthys olivaceus",2010,2013
"OFLOUNNSJ_1","Paralichthys olivaceus",2010,2013
"OFLOUNPAC_1","Paralichthys olivaceus",2009,2013
"OFLOUNSETO_1","Paralichthys olivaceus",2010,2013
"PILCHPJPN_1","Sardinops sagax",2009,2013
"PILCHTSST_1","Sardinops sagax",2010,2013
"RBRMECS_1","Pagrus major",2010,2013
"RBRMSETOE_1","Pagrus major",2010,2013
"RBRMSETOW_1","Pagrus major",2010,2013
"SPANMACKSETO_1","Scomberomorus niphonius",2010,2013
"RROCKLOBSTERCRA1_1","Jasus edwardsii",2001,2014
"RROCKLOBSTERCRA2_1","Jasus edwardsii",2001,2013
"RROCKLOBSTERCRA3_1","Jasus edwardsii",2007,2014
"RROCKLOBSTERCRA4_1","Jasus edwardsii",2005,2011
"RROCKLOBSTERCRA5_1","Jasus edwardsii",2002,2015
"RROCKLOBSTERCRA7_1","Jasus edwardsii",2005,2015
"RROCKLOBSTERCRA8_1","Jasus edwardsii",2005,2015
"ALBANPAC_1","Thunnus alalunga",2012,2015
"PACBTUNA_1","Thunnus orientalis",2012,2014
"STMARLINWCNPAC_1","Kajikia audax",2010,2013
"ANCHOSA_1","Engraulis encrasicolus",2011,2015
"CHAKESA_1","Merluccius capensis",2013,2015
"CRLOBSTERSA12_1","Jasus lalandii",2012,2014
"CRLOBSTERSA34_1","Jasus lalandii",2012,2014
"CRLOBSTERSA56_1","Jasus lalandii",2012,2014
"CRLOBSTERSA7_1","Jasus lalandii",2012,2014
"CRLOBSTERSA8_1","Jasus lalandii",2012,2014
"DEEPCHAKESA_1","Merluccius paradoxus",2013,2015
"PTOOTHFISHPEI_1","Dissostichus eleginoides",2013,2015
"SAABALONESA_1","Haliotis midae",2013,2015
"SARDSA_1","Sardinops sagax",2011,2015
"SSLOBSTERSASC_1","Palinurus gilchristi",2012,2014
"PATGRENADIERCH_1","Macruronus magellanicus",2012,2015
"SOUTHHAKECH_1","Merluccius australis",2011,2015
"SPHAKECH_1","Merluccius gayi gayi",2012,2015
"SSARDCH_1","Sprattus fuegensis",2012,2016
"PTOOTHFISHCH_1","Dissostichus eleginoides",2011,2014
"PANCHPERUNC_1","Engraulis ringens",2008,2016
"ARGANCHOSARG_1","Engraulis anchoita",2007,2015
"ARGHAKENARG_1","Merluccius hubbsi",2011,2014
"ARGHAKESARG_1","Merluccius hubbsi",2011,2015
"PATGRENADIERSARG_1","Macruronus magellanicus",2006,2015
"SBWHITARGS_1","Micromesistius australis",2007,2015
"ALPLAICBSAI_1","Pleuronectes quadrituberculatus",2010,2015
"ARFLOUNDBSAI_1","Atheresthes stomias",2010,2015
"ARFLOUNDGA_1","Atheresthes stomias",2010,2015
"ATKABSAI_1","Pleurogrammus monopterygius",2011,2015
"DSOLEGA_1","Microstomus pacificus",2009,2015
"DUSROCKGA_1","Sebastes variabilis",2010,2015
"FLSOLEBSAI_1","Hippoglossoides elassodon",2010,2015
"FLSOLEGA_1","Hippoglossoides elassodon",2010,2015
"NROCKBSAI_1","Sebastes polyspinis",2011,2015
"NROCKGA_1","Sebastes polyspinis",2010,2015
"NRSOLEEBSAI_1","Lepidopsetta polyxystra",2012,2015
"PERCHEBSAI_1","Sebastes alutus",2011,2015
"POPERCHGA_1","Sebastes alutus",2010,2015
"REXSOLEGA_1","Glyptocephalus zachirus",2011,2014
"RKCRABBB_1","Paralithodes camtschaticus",2008,2015
"SABLEFEBSAIGA_1","Anoplopoma fimbria",2010,2015
"SRAKEROCKBSAI_1","Sebastes borealis",2010,2014
"WPOLLAI_1","Theragra chalcogramma",2013,2015
"WPOLLGA_1","Theragra chalcogramma",2014,2015
"YSOLEBSAI_1","Limanda aspera",2010,2015
"MENATLAN_1","Brevoortia tyrannus",2005,2017
"BLUEFISHATLC_1","Pomatomus saltatrix",2007,2014
"MONKGOMNGB_1","Lophius americanus",2009,2010
"MONKSGBMATL_1","Lophius americanus",2009,2010
"QUAHATLC_1","Arctica islandica",2008,2011
"SURFMATLC_1","Spisula solidissima",2008,2011
"BNOSESHARATL_1","Carcharhinus acronotus",2005,2009
"GRAMBERGM_1","Seriola dumerili",2004,2012
"RGROUPGM_1","Epinephelus morio",2005,2013
"RSNAPGM_1","Lutjanus campechanus",2011,2013
"SBARSHARATL_1","Carcharhinus plumbeus",2004,2009
"ARFLOUNDPCOAST_1","Atheresthes stomias",2007,2015
"CHILISPCOAST_1","Sebastes goodei",2007,2015
"CROCKPCOAST_1","Sebastes pinniger",2011,2015
"DKROCKPCOAST_1","Sebastes crameri",2011,2015
"KELPGREENLINGORECOAST_1","Hexagrammos decagrammus",2005,2015
"PSOLEPCOAST_1","Eopsetta jordani",2011,2015
"SABLEFPCOAST_1","Anoplopoma fimbria",2011,2015
"SSTHORNHPCOAST_1","Sebastolobus alascanus",2005,2013
"WROCKPCOAST_1","Sebastes entomelas",2011,2015
"YEYEROCKPCOAST_1","Sebastes ruberrimus",2011,2015
"BOCACCSPCOAST_1","Sebastes paucispinis",2009,2013
"COWCODSCAL_1","Sebastes levis",2012,2015
"CALSCORPSCAL_1","Scorpaena guttata",2005,2015
"SARDPCOAST_1","Sardinops sagax",2007,2016
"SEELNSSA4_1","Ammodytes spp",2017,2018
"REDDEEPI-II_1","Sebastes mentella",2014,2016
"HERRCC_1","Clupea pallasii pallasii",2007,2015
"HERRPRD_1","Clupea pallasii pallasii",2007,2015
"HERRQCI_1","Clupea pallasii pallasii",2007,2015
"HERRSOG_1","Clupea pallasii pallasii",2007,2015
"HERRWCVANI_1","Clupea pallasii pallasii",2007,2015
"CODNEARNCW_1","Gadus morhua",2016,2016
"ALBANATL_1","Thunnus alalunga",2015,2016
"CODBA2532_1","Gadus morhua",2012,2013
"CAPENOR_1","Mallotus villosus",2007,2017
"GHALNEAR_1","Reinhardtius hippoglossoides",2010,2016
"GOLDREDNEAR_1","Sebastes norvegicus",2010,2017
"BIGEYECWPAC_1","Thunnus obesus",2006,2015
"HADIS_1","Melanogrammus aeglefinus",2016,2017
"ATBTUNAWATL_1","Thunnus thynnus",2013,2015
"ATBTUNAWATL_2","Thunnus thynnus",2015,2016
"ATBTUNAWATL_3","Thunnus thynnus",2013,2016
"PLAICIS_1","Pleuronectes platessa",2010,2017
"PLAICIS_2","Pleuronectes platessa",2010,2018
"BLINGVb-VI-VII_1","Molva dypterygia",2014,2016
"BLINGVb-VI-VII_2","Molva dypterygia",2014,2018
"SILVERFISHSE_1","Seriolella punctata",2006,2014
"SILVERFISHSE_2","Seriolella punctata",2006,2017
"SWHITSE_1","Sillago flindersi",2007,2008
"SWHITSE_2","Sillago flindersi",2007,2016
"COD2J3KL_1","Gadus morhua",2011,2014
"COD2J3KL_2","Gadus morhua",2011,2018
"SCALLGB_1","Placopecten magellanicus",2007,2012
"SCALLGB_2","Placopecten magellanicus",2007,2014
"HERRVIa_1","Clupea harengus",2010,2013
"HERRVIa_2","Clupea harengus",2010,2014
"PLAICECHW_1","Pleuronectes platessa",2010,2013
"PLAICECHW_2","Pleuronectes platessa",2010,2014
"SBWHITCH_1","Micromesistius australis",2012,2015
"SBWHITCH_2","Micromesistius australis",2012,2016
"ARGANCHONARG_1","Engraulis anchoita",2007,2015
"ARGANCHONARG_2","Engraulis anchoita",2007,2016
"BSBASSMATLC_1","Centropristis striata",2007,2011
"BSBASSMATLC_2","Centropristis striata",2007,2015
"PLAICIS_3","Pleuronectes platessa",2017,2018
"BLINGVb-VI-VII_3","Molva dypterygia",2016,2018
"SILVERFISHSE_3","Seriolella punctata",2014,2017
"SWHITSE_3","Sillago flindersi",2008,2016
"COD2J3KL_3","Gadus morhua",2014,2018
"SCALLGB_3","Placopecten magellanicus",2012,2014
"HERRVIa_3","Clupea harengus",2013,2014
"MEGVII-VIIIabd_1","Lepidorhombus whiffiagonis",2016,2017
"MEGVII-VIIIabd_2","Lepidorhombus whiffiagonis",2016,2018
"MEGVII-VIIIabd_3","Lepidorhombus whiffiagonis",2017,2018
"PLAICECHW_3","Pleuronectes platessa",2013,2014
"SBWHITCH_3","Micromesistius australis",2015,2016
"ARGANCHONARG_3","Engraulis anchoita",2015,2016
"BSBASSMATLC_3","Centropristis striata",2011,2015
"ANCHOBAYB_1","Engraulis encrasicolus",2007,2015
"ANCHOBAYB_2","Engraulis encrasicolus",2007,2016
"ANCHOBAYB_3","Engraulis encrasicolus",2007,2017
"NPOUTIIIa-IV_1","Trisopterus esmarkii",2011,2013
"NPOUTIIIa-IV_2","Trisopterus esmarkii",2011,2014
"NPOUTIIIa-IV_3","Trisopterus esmarkii",2011,2017
"ANCHOBAYB_4","Engraulis encrasicolus",2015,2016
"ANCHOBAYB_5","Engraulis encrasicolus",2015,2017
"ANCHOBAYB_6","Engraulis encrasicolus",2016,2017
"NPOUTIIIa-IV_4","Trisopterus esmarkii",2013,2014
"NPOUTIIIa-IV_5","Trisopterus esmarkii",2013,2017
"NPOUTIIIa-IV_6","Trisopterus esmarkii",2014,2017
"PLAIC2123_1","Pleuronectes platessa",2015,2016
"PLAIC2123_2","Pleuronectes platessa",2015,2017
"PLAIC2123_3","Pleuronectes platessa",2015,2018
"PLAIC2123_4","Pleuronectes platessa",2016,2017
"PLAIC2123_5","Pleuronectes platessa",2016,2018
"PLAIC2123_6","Pleuronectes platessa",2017,2018
"SARDPVIIIc-IXa_1","Sardina pilchardus",2014,2015
"SARDPVIIIc-IXa_2","Sardina pilchardus",2014,2016
"SARDPVIIIc-IXa_3","Sardina pilchardus",2014,2017
"SARDPVIIIc-IXa_4","Sardina pilchardus",2015,2016
"SARDPVIIIc-IXa_5","Sardina pilchardus",2015,2017
"SARDPVIIIc-IXa_6","Sardina pilchardus",2016,2017
"EBASSIVbc-VII_1","Dicentrarchus labrax",2014,2015
"EBASSIVbc-VII_2","Dicentrarchus labrax",2014,2016
"EBASSIVbc-VII_3","Dicentrarchus labrax",2014,2017
"EBASSIVbc-VII_4","Dicentrarchus labrax",2014,2018
"HMACKIXa_1","Trachurus trachurus",2013,2014
"HMACKIXa_2","Trachurus trachurus",2013,2015
"HMACKIXa_3","Trachurus trachurus",2013,2016
"HMACKIXa_4","Trachurus trachurus",2013,2017
"PLAIC7d_1","Pleuronectes platessa",2010,2015
"PLAIC7d_2","Pleuronectes platessa",2010,2016
"PLAIC7d_3","Pleuronectes platessa",2010,2017
"PLAIC7d_4","Pleuronectes platessa",2010,2018
"LINGVa_1","Molva molva",2014,2015
"LINGVa_2","Molva molva",2014,2016
"LINGVa_3","Molva molva",2014,2017
"LINGVa_4","Molva molva",2014,2018
"GOLDREDV-VI-XII-XIV_1","Sebastes norvegicus",2014,2015
"GOLDREDV-VI-XII-XIV_2","Sebastes norvegicus",2014,2016
"GOLDREDV-VI-XII-XIV_3","Sebastes norvegicus",2014,2017
"GOLDREDV-VI-XII-XIV_4","Sebastes norvegicus",2014,2018
"CUSKVa-XIV_1","Brosme brosme",2014,2015
"CUSKVa-XIV_2","Brosme brosme",2014,2016
"CUSKVa-XIV_3","Brosme brosme",2014,2017
"CUSKVa-XIV_4","Brosme brosme",2014,2018
"HMACKIIa-IVa-Vb-VIa-VII-VIII_1","Trachurus trachurus",2013,2014
"HMACKIIa-IVa-Vb-VIa-VII-VIII_2","Trachurus trachurus",2013,2015
"HMACKIIa-IVa-Vb-VIa-VII-VIII_3","Trachurus trachurus",2013,2016
"HMACKIIa-IVa-Vb-VIa-VII-VIII_4","Trachurus trachurus",2013,2017
"HERRNORSS_1","Clupea harengus",2013,2014
"HERRNORSS_2","Clupea harengus",2013,2015
"HERRNORSS_3","Clupea harengus",2013,2016
"HERRNORSS_4","Clupea harengus",2013,2017
"EBASSIVbc-VII_5","Dicentrarchus labrax",2015,2016
"EBASSIVbc-VII_6","Dicentrarchus labrax",2015,2017
"EBASSIVbc-VII_7","Dicentrarchus labrax",2015,2018
"EBASSIVbc-VII_8","Dicentrarchus labrax",2016,2017
"EBASSIVbc-VII_9","Dicentrarchus labrax",2016,2018
"EBASSIVbc-VII_10","Dicentrarchus labrax",2017,2018
"HMACKIXa_5","Trachurus trachurus",2014,2015
"HMACKIXa_6","Trachurus trachurus",2014,2016
"HMACKIXa_7","Trachurus trachurus",2014,2017
"HMACKIXa_8","Trachurus trachurus",2015,2016
"HMACKIXa_9","Trachurus trachurus",2015,2017
"HMACKIXa_10","Trachurus trachurus",2016,2017
"PLAIC7d_5","Pleuronectes platessa",2015,2016
"PLAIC7d_6","Pleuronectes platessa",2015,2017
"PLAIC7d_7","Pleuronectes platessa",2015,2018
"PLAIC7d_8","Pleuronectes platessa",2016,2017
"PLAIC7d_9","Pleuronectes platessa",2016,2018
"PLAIC7d_10","Pleuronectes platessa",2017,2018
"LINGVa_5","Molva molva",2015,2016
"LINGVa_6","Molva molva",2015,2017
"LINGVa_7","Molva molva",2015,2018
"LINGVa_8","Molva molva",2016,2017
"LINGVa_9","Molva molva",2016,2018
"LINGVa_10","Molva molva",2017,2018
"GOLDREDV-VI-XII-XIV_5","Sebastes norvegicus",2015,2016
"GOLDREDV-VI-XII-XIV_6","Sebastes norvegicus",2015,2017
"GOLDREDV-VI-XII-XIV_7","Sebastes norvegicus",2015,2018
"GOLDREDV-VI-XII-XIV_8","Sebastes norvegicus",2016,2017
"GOLDREDV-VI-XII-XIV_9","Sebastes norvegicus",2016,2018
"GOLDREDV-VI-XII-XIV_10","Sebastes norvegicus",2017,2018
"CUSKVa-XIV_5","Brosme brosme",2015,2016
"CUSKVa-XIV_6","Brosme brosme",2015,2017
"CUSKVa-XIV_7","Brosme brosme",2015,2018
"CUSKVa-XIV_8","Brosme brosme",2016,2017
"CUSKVa-XIV_9","Brosme brosme",2016,2018
"CUSKVa-XIV_10","Brosme brosme",2017,2018
"HMACKIIa-IVa-Vb-VIa-VII-VIII_5","Trachurus trachurus",2014,2015
"HMACKIIa-IVa-Vb-VIa-VII-VIII_6","Trachurus trachurus",2014,2016
"HMACKIIa-IVa-Vb-VIa-VII-VIII_7","Trachurus trachurus",2014,2017
"HMACKIIa-IVa-Vb-VIa-VII-VIII_8","Trachurus trachurus",2015,2016
"HMACKIIa-IVa-Vb-VIa-VII-VIII_9","Trachurus trachurus",2015,2017
"HMACKIIa-IVa-Vb-VIa-VII-VIII_10","Trachurus trachurus",2016,2017
"HERRNORSS_5","Clupea harengus",2014,2015
"HERRNORSS_6","Clupea harengus",2014,2016
"HERRNORSS_7","Clupea harengus",2014,2017
"HERRNORSS_8","Clupea harengus",2015,2016
"HERRNORSS_9","Clupea harengus",2015,2017
"HERRNORSS_10","Clupea harengus",2016,2017
"HERRVIaVIIbc_1","Clupea harengus",2010,2013
"HERRVIaVIIbc_2","Clupea harengus",2010,2015
"HERRVIaVIIbc_3","Clupea harengus",2010,2016
"HERRVIaVIIbc_4","Clupea harengus",2010,2017
"HERRVIaVIIbc_5","Clupea harengus",2010,2018
"WHITVIa_1","Merlangius merlangus",2012,2013
"WHITVIa_2","Merlangius merlangus",2012,2014
"WHITVIa_3","Merlangius merlangus",2012,2015
"WHITVIa_4","Merlangius merlangus",2012,2016
"WHITVIa_5","Merlangius merlangus",2012,2017
"WHITVIIek_1","Merlangius merlangus",2012,2013
"WHITVIIek_2","Merlangius merlangus",2012,2014
"WHITVIIek_3","Merlangius merlangus",2012,2015
"WHITVIIek_4","Merlangius merlangus",2012,2016
"WHITVIIek_5","Merlangius merlangus",2012,2017
"POLLNEAR_1","Pollachius virens",2012,2014
"POLLNEAR_2","Pollachius virens",2012,2015
"POLLNEAR_3","Pollachius virens",2012,2016
"POLLNEAR_4","Pollachius virens",2012,2017
"POLLNEAR_5","Pollachius virens",2012,2018
"HADICE_1","Melanogrammus aeglefinus",2012,2013
"HADICE_2","Melanogrammus aeglefinus",2012,2014
"HADICE_3","Melanogrammus aeglefinus",2012,2015
"HADICE_4","Melanogrammus aeglefinus",2012,2016
"HADICE_5","Melanogrammus aeglefinus",2012,2017
"CODIS_1","Gadus morhua",2010,2013
"CODIS_2","Gadus morhua",2010,2014
"CODIS_3","Gadus morhua",2010,2015
"CODIS_4","Gadus morhua",2010,2016
"CODIS_5","Gadus morhua",2010,2017
"CODVIIek_1","Gadus morhua",2012,2013
"CODVIIek_2","Gadus morhua",2012,2014
"CODVIIek_3","Gadus morhua",2012,2015
"CODVIIek_4","Gadus morhua",2012,2016
"CODVIIek_5","Gadus morhua",2012,2017
"HERR2529-32_1","Clupea harengus",2013,2014
"HERR2529-32_2","Clupea harengus",2013,2015
"HERR2529-32_3","Clupea harengus",2013,2016
"HERR2529-32_4","Clupea harengus",2013,2017
"HERR2529-32_5","Clupea harengus",2013,2018
"WANGLVIIIc-IXa_1","Lophius piscatorius",2013,2014
"WANGLVIIIc-IXa_2","Lophius piscatorius",2013,2015
"WANGLVIIIc-IXa_3","Lophius piscatorius",2013,2016
"WANGLVIIIc-IXa_4","Lophius piscatorius",2013,2017
"WANGLVIIIc-IXa_5","Lophius piscatorius",2013,2018
"CODVIa_1","Gadus morhua",2012,2013
"CODVIa_2","Gadus morhua",2012,2014
"CODVIa_3","Gadus morhua",2012,2015
"CODVIa_4","Gadus morhua",2012,2016
"CODVIa_5","Gadus morhua",2012,2017
"HADROCK_1","Melanogrammus aeglefinus",2012,2013
"HADROCK_2","Melanogrammus aeglefinus",2012,2014
"HADROCK_3","Melanogrammus aeglefinus",2012,2015
"HADROCK_4","Melanogrammus aeglefinus",2012,2016
"HADROCK_5","Melanogrammus aeglefinus",2012,2017
"HADVIIb-k_1","Melanogrammus aeglefinus",2012,2013
"HADVIIb-k_2","Melanogrammus aeglefinus",2012,2014
"HADVIIb-k_3","Melanogrammus aeglefinus",2012,2015
"HADVIIb-k_4","Melanogrammus aeglefinus",2012,2016
"HADVIIb-k_5","Melanogrammus aeglefinus",2012,2017
"MACKNEICES_1","Scomber scombrus",2007,2013
"MACKNEICES_2","Scomber scombrus",2007,2014
"MACKNEICES_3","Scomber scombrus",2007,2015
"MACKNEICES_4","Scomber scombrus",2007,2016
"MACKNEICES_5","Scomber scombrus",2007,2017
"BWHITNEA_1","Micromesistius poutassou",2012,2013
"BWHITNEA_2","Micromesistius poutassou",2012,2014
"BWHITNEA_3","Micromesistius poutassou",2012,2015
"BWHITNEA_4","Micromesistius poutassou",2012,2017
"BWHITNEA_5","Micromesistius poutassou",2012,2018
"HADNS-IIIa-VIa_1","Melanogrammus aeglefinus",2014,2015
"HADNS-IIIa-VIa_2","Melanogrammus aeglefinus",2014,2015
"HADNS-IIIa-VIa_3","Melanogrammus aeglefinus",2014,2016
"HADNS-IIIa-VIa_4","Melanogrammus aeglefinus",2014,2017
"HADNS-IIIa-VIa_5","Melanogrammus aeglefinus",2014,2018
"HADNEAR_1","Melanogrammus aeglefinus",2012,2013
"HADNEAR_2","Melanogrammus aeglefinus",2012,2014
"HADNEAR_3","Melanogrammus aeglefinus",2012,2015
"HADNEAR_4","Melanogrammus aeglefinus",2012,2016
"HADNEAR_5","Melanogrammus aeglefinus",2012,2017
"HERRVIaVIIbc_6","Clupea harengus",2013,2015
"HERRVIaVIIbc_7","Clupea harengus",2013,2016
"HERRVIaVIIbc_8","Clupea harengus",2013,2017
"HERRVIaVIIbc_9","Clupea harengus",2013,2018
"HERRVIaVIIbc_10","Clupea harengus",2015,2016
"HERRVIaVIIbc_11","Clupea harengus",2015,2017
"HERRVIaVIIbc_12","Clupea harengus",2015,2018
"HERRVIaVIIbc_13","Clupea harengus",2016,2017
"HERRVIaVIIbc_14","Clupea harengus",2016,2018
"HERRVIaVIIbc_15","Clupea harengus",2017,2018
"SPRATNS_1","Sprattus sprattus",2013,2014
"SPRATNS_2","Sprattus sprattus",2013,2015
"SPRATNS_3","Sprattus sprattus",2013,2016
"SPRATNS_4","Sprattus sprattus",2013,2017
"SPRATNS_5","Sprattus sprattus",2013,2018
"SPRATNS_6","Sprattus sprattus",2014,2015
"SPRATNS_7","Sprattus sprattus",2014,2016
"SPRATNS_8","Sprattus sprattus",2014,2017
"SPRATNS_9","Sprattus sprattus",2014,2018
"SPRATNS_10","Sprattus sprattus",2015,2016
"SPRATNS_11","Sprattus sprattus",2015,2017
"SPRATNS_12","Sprattus sprattus",2015,2018
"SPRATNS_13","Sprattus sprattus",2016,2017
"SPRATNS_14","Sprattus sprattus",2016,2018
"SPRATNS_15","Sprattus sprattus",2017,2018
"WHITVIa_6","Merlangius merlangus",2013,2014
"WHITVIa_7","Merlangius merlangus",2013,2015
"WHITVIa_8","Merlangius merlangus",2013,2016
"WHITVIa_9","Merlangius merlangus",2013,2017
"WHITVIa_10","Merlangius merlangus",2014,2015
"WHITVIa_11","Merlangius merlangus",2014,2016
"WHITVIa_12","Merlangius merlangus",2014,2017
"WHITVIa_13","Merlangius merlangus",2015,2016
"WHITVIa_14","Merlangius merlangus",2015,2017
"WHITVIa_15","Merlangius merlangus",2016,2017
"WHITVIIek_6","Merlangius merlangus",2013,2014
"WHITVIIek_7","Merlangius merlangus",2013,2015
"WHITVIIek_8","Merlangius merlangus",2013,2016
"WHITVIIek_9","Merlangius merlangus",2013,2017
"WHITVIIek_10","Merlangius merlangus",2014,2015
"WHITVIIek_11","Merlangius merlangus",2014,2016
"WHITVIIek_12","Merlangius merlangus",2014,2017
"WHITVIIek_13","Merlangius merlangus",2015,2016
"WHITVIIek_14","Merlangius merlangus",2015,2017
"WHITVIIek_15","Merlangius merlangus",2016,2017
"POLLNEAR_6","Pollachius virens",2014,2015
"POLLNEAR_7","Pollachius virens",2014,2016
"POLLNEAR_8","Pollachius virens",2014,2017
"POLLNEAR_9","Pollachius virens",2014,2018
"POLLNEAR_10","Pollachius virens",2015,2016
"POLLNEAR_11","Pollachius virens",2015,2017
"POLLNEAR_12","Pollachius virens",2015,2018
"POLLNEAR_13","Pollachius virens",2016,2017
"POLLNEAR_14","Pollachius virens",2016,2018
"POLLNEAR_15","Pollachius virens",2017,2018
"HADICE_6","Melanogrammus aeglefinus",2013,2014
"HADICE_7","Melanogrammus aeglefinus",2013,2015
"HADICE_8","Melanogrammus aeglefinus",2013,2016
"HADICE_9","Melanogrammus aeglefinus",2013,2017
"HADICE_10","Melanogrammus aeglefinus",2014,2015
"HADICE_11","Melanogrammus aeglefinus",2014,2016
"HADICE_12","Melanogrammus aeglefinus",2014,2017
"HADICE_13","Melanogrammus aeglefinus",2015,2016
"HADICE_14","Melanogrammus aeglefinus",2015,2017
"HADICE_15","Melanogrammus aeglefinus",2016,2017
"CODIS_6","Gadus morhua",2013,2014
"CODIS_7","Gadus morhua",2013,2015
"CODIS_8","Gadus morhua",2013,2016
"CODIS_9","Gadus morhua",2013,2017
"CODIS_10","Gadus morhua",2014,2015
"CODIS_11","Gadus morhua",2014,2016
"CODIS_12","Gadus morhua",2014,2017
"CODIS_13","Gadus morhua",2015,2016
"CODIS_14","Gadus morhua",2015,2017
"CODIS_15","Gadus morhua",2016,2017
"CODVIIek_6","Gadus morhua",2013,2014
"CODVIIek_7","Gadus morhua",2013,2015
"CODVIIek_8","Gadus morhua",2013,2016
"CODVIIek_9","Gadus morhua",2013,2017
"CODVIIek_10","Gadus morhua",2014,2015
"CODVIIek_11","Gadus morhua",2014,2016
"CODVIIek_12","Gadus morhua",2014,2017
"CODVIIek_13","Gadus morhua",2015,2016
"CODVIIek_14","Gadus morhua",2015,2017
"CODVIIek_15","Gadus morhua",2016,2017
"HERR2529-32_6","Clupea harengus",2014,2015
"HERR2529-32_7","Clupea harengus",2014,2016
"HERR2529-32_8","Clupea harengus",2014,2017
"HERR2529-32_9","Clupea harengus",2014,2018
"HERR2529-32_10","Clupea harengus",2015,2016
"HERR2529-32_11","Clupea harengus",2015,2017
"HERR2529-32_12","Clupea harengus",2015,2018
"HERR2529-32_13","Clupea harengus",2016,2017
"HERR2529-32_14","Clupea harengus",2016,2018
"HERR2529-32_15","Clupea harengus",2017,2018
"WANGLVIIIc-IXa_6","Lophius piscatorius",2014,2015
"WANGLVIIIc-IXa_7","Lophius piscatorius",2014,2016
"WANGLVIIIc-IXa_8","Lophius piscatorius",2014,2017
"WANGLVIIIc-IXa_9","Lophius piscatorius",2014,2018
"WANGLVIIIc-IXa_10","Lophius piscatorius",2015,2016
"WANGLVIIIc-IXa_11","Lophius piscatorius",2015,2017
"WANGLVIIIc-IXa_12","Lophius piscatorius",2015,2018
"WANGLVIIIc-IXa_13","Lophius piscatorius",2016,2017
"WANGLVIIIc-IXa_14","Lophius piscatorius",2016,2018
"WANGLVIIIc-IXa_15","Lophius piscatorius",2017,2018
"CODVIa_6","Gadus morhua",2013,2014
"CODVIa_7","Gadus morhua",2013,2015
"CODVIa_8","Gadus morhua",2013,2016
"CODVIa_9","Gadus morhua",2013,2017
"CODVIa_10","Gadus morhua",2014,2015
"CODVIa_11","Gadus morhua",2014,2016
"CODVIa_12","Gadus morhua",2014,2017
"CODVIa_13","Gadus morhua",2015,2016
"CODVIa_14","Gadus morhua",2015,2017
"CODVIa_15","Gadus morhua",2016,2017
"HADROCK_6","Melanogrammus aeglefinus",2013,2014
"HADROCK_7","Melanogrammus aeglefinus",2013,2015
"HADROCK_8","Melanogrammus aeglefinus",2013,2016
"HADROCK_9","Melanogrammus aeglefinus",2013,2017
"HADROCK_10","Melanogrammus aeglefinus",2014,2015
"HADROCK_11","Melanogrammus aeglefinus",2014,2016
"HADROCK_12","Melanogrammus aeglefinus",2014,2017
"HADROCK_13","Melanogrammus aeglefinus",2015,2016
"HADROCK_14","Melanogrammus aeglefinus",2015,2017
"HADROCK_15","Melanogrammus aeglefinus",2016,2017
"HADVIIb-k_6","Melanogrammus aeglefinus",2013,2014
"HADVIIb-k_7","Melanogrammus aeglefinus",2013,2015
"HADVIIb-k_8","Melanogrammus aeglefinus",2013,2016
"HADVIIb-k_9","Melanogrammus aeglefinus",2013,2017
"HADVIIb-k_10","Melanogrammus aeglefinus",2014,2015
"HADVIIb-k_11","Melanogrammus aeglefinus",2014,2016
"HADVIIb-k_12","Melanogrammus aeglefinus",2014,2017
"HADVIIb-k_13","Melanogrammus aeglefinus",2015,2016
"HADVIIb-k_14","Melanogrammus aeglefinus",2015,2017
"HADVIIb-k_15","Melanogrammus aeglefinus",2016,2017
"MACKNEICES_6","Scomber scombrus",2013,2014
"MACKNEICES_7","Scomber scombrus",2013,2015
"MACKNEICES_8","Scomber scombrus",2013,2016
"MACKNEICES_9","Scomber scombrus",2013,2017
"MACKNEICES_10","Scomber scombrus",2014,2015
"MACKNEICES_11","Scomber scombrus",2014,2016
"MACKNEICES_12","Scomber scombrus",2014,2017
"MACKNEICES_13","Scomber scombrus",2015,2016
"MACKNEICES_14","Scomber scombrus",2015,2017
"MACKNEICES_15","Scomber scombrus",2016,2017
"BWHITNEA_6","Micromesistius poutassou",2013,2014
"BWHITNEA_7","Micromesistius poutassou",2013,2015
"BWHITNEA_8","Micromesistius poutassou",2013,2017
"BWHITNEA_9","Micromesistius poutassou",2013,2018
"BWHITNEA_10","Micromesistius poutassou",2014,2015
"BWHITNEA_11","Micromesistius poutassou",2014,2017
"BWHITNEA_12","Micromesistius poutassou",2014,2018
"BWHITNEA_13","Micromesistius poutassou",2015,2017
"BWHITNEA_14","Micromesistius poutassou",2015,2018
"BWHITNEA_15","Micromesistius poutassou",2017,2018
"HADNS-IIIa-VIa_6","Melanogrammus aeglefinus",2015,2015
"HADNS-IIIa-VIa_7","Melanogrammus aeglefinus",2015,2016
"HADNS-IIIa-VIa_8","Melanogrammus aeglefinus",2015,2017
"HADNS-IIIa-VIa_9","Melanogrammus aeglefinus",2015,2018
"HADNS-IIIa-VIa_10","Melanogrammus aeglefinus",2015,2016
"HADNS-IIIa-VIa_11","Melanogrammus aeglefinus",2015,2017
"HADNS-IIIa-VIa_12","Melanogrammus aeglefinus",2015,2018
"HADNS-IIIa-VIa_13","Melanogrammus aeglefinus",2016,2017
"HADNS-IIIa-VIa_14","Melanogrammus aeglefinus",2016,2018
"HADNS-IIIa-VIa_15","Melanogrammus aeglefinus",2017,2018
"HADNEAR_6","Melanogrammus aeglefinus",2013,2014
"HADNEAR_7","Melanogrammus aeglefinus",2013,2015
"HADNEAR_8","Melanogrammus aeglefinus",2013,2016
"HADNEAR_9","Melanogrammus aeglefinus",2013,2017
"HADNEAR_10","Melanogrammus aeglefinus",2014,2015
"HADNEAR_11","Melanogrammus aeglefinus",2014,2016
"HADNEAR_12","Melanogrammus aeglefinus",2014,2017
"HADNEAR_13","Melanogrammus aeglefinus",2015,2016
"HADNEAR_14","Melanogrammus aeglefinus",2015,2017
"HADNEAR_15","Melanogrammus aeglefinus",2016,2017
"SEELNSSA1_1","Ammodytes spp",2011,2013
"SEELNSSA1_2","Ammodytes spp",2011,2014
"SEELNSSA1_3","Ammodytes spp",2011,2015
"SEELNSSA1_4","Ammodytes spp",2011,2016
"SEELNSSA1_5","Ammodytes spp",2011,2017
"SEELNSSA1_6","Ammodytes spp",2011,2018
"SEELNSSA2_1","Ammodytes spp",2011,2013
"SEELNSSA2_2","Ammodytes spp",2011,2014
"SEELNSSA2_3","Ammodytes spp",2011,2015
"SEELNSSA2_4","Ammodytes spp",2011,2016
"SEELNSSA2_5","Ammodytes spp",2011,2017
"SEELNSSA2_6","Ammodytes spp",2011,2018
"SEELNSSA3_1","Ammodytes spp",2011,2013
"SEELNSSA3_2","Ammodytes spp",2011,2014
"SEELNSSA3_3","Ammodytes spp",2011,2015
"SEELNSSA3_4","Ammodytes spp",2011,2016
"SEELNSSA3_5","Ammodytes spp",2011,2017
"SEELNSSA3_6","Ammodytes spp",2011,2018
"SOLEIIIa-2224_1","Solea solea",2011,2013
"SOLEIIIa-2224_2","Solea solea",2011,2014
"SOLEIIIa-2224_3","Solea solea",2011,2015
"SOLEIIIa-2224_4","Solea solea",2011,2016
"SOLEIIIa-2224_5","Solea solea",2011,2017
"SOLEIIIa-2224_6","Solea solea",2011,2018
"FMEG8c9a_1","Lepidorhombus boscii",2010,2013
"FMEG8c9a_2","Lepidorhombus boscii",2010,2014
"FMEG8c9a_3","Lepidorhombus boscii",2010,2015
"FMEG8c9a_4","Lepidorhombus boscii",2010,2016
"FMEG8c9a_5","Lepidorhombus boscii",2010,2017
"FMEG8c9a_6","Lepidorhombus boscii",2010,2018
"HAKESOTH_1","Merluccius merluccius",2011,2013
"HAKESOTH_2","Merluccius merluccius",2011,2014
"HAKESOTH_3","Merluccius merluccius",2011,2015
"HAKESOTH_4","Merluccius merluccius",2011,2016
"HAKESOTH_5","Merluccius merluccius",2011,2017
"HAKESOTH_6","Merluccius merluccius",2011,2018
"MEG8c9a_1","Lepidorhombus whiffiagonis",2010,2013
"MEG8c9a_2","Lepidorhombus whiffiagonis",2010,2014
"MEG8c9a_3","Lepidorhombus whiffiagonis",2010,2015
"MEG8c9a_4","Lepidorhombus whiffiagonis",2010,2016
"MEG8c9a_5","Lepidorhombus whiffiagonis",2010,2017
"MEG8c9a_6","Lepidorhombus whiffiagonis",2010,2018
"SOLEVIIe_1","Solea solea",2010,2013
"SOLEVIIe_2","Solea solea",2010,2014
"SOLEVIIe_3","Solea solea",2010,2015
"SOLEVIIe_4","Solea solea",2010,2016
"SOLEVIIe_5","Solea solea",2010,2017
"SOLEVIIe_6","Solea solea",2010,2018
"PLAICNS_1","Pleuronectes platessa",2010,2013
"PLAICNS_2","Pleuronectes platessa",2010,2014
"PLAICNS_3","Pleuronectes platessa",2010,2015
"PLAICNS_4","Pleuronectes platessa",2010,2016
"PLAICNS_5","Pleuronectes platessa",2010,2017
"PLAICNS_6","Pleuronectes platessa",2010,2018
"SOLENS_1","Solea solea",2010,2013
"SOLENS_2","Solea solea",2010,2014
"SOLENS_3","Solea solea",2010,2015
"SOLENS_4","Solea solea",2010,2016
"SOLENS_5","Solea solea",2010,2017
"SOLENS_6","Solea solea",2010,2018
"SOLEVIId_1","Solea solea",2011,2013
"SOLEVIId_2","Solea solea",2011,2014
"SOLEVIId_3","Solea solea",2011,2015
"SOLEVIId_4","Solea solea",2011,2016
"SOLEVIId_5","Solea solea",2011,2017
"SOLEVIId_6","Solea solea",2011,2018
"CODICE_1","Gadus morhua",2012,2013
"CODICE_2","Gadus morhua",2012,2014
"CODICE_3","Gadus morhua",2012,2015
"CODICE_4","Gadus morhua",2012,2016
"CODICE_5","Gadus morhua",2012,2017
"CODICE_6","Gadus morhua",2012,2018
"HADFAPL_1","Melanogrammus aeglefinus",2012,2013
"HADFAPL_2","Melanogrammus aeglefinus",2012,2014
"HADFAPL_3","Melanogrammus aeglefinus",2012,2015
"HADFAPL_4","Melanogrammus aeglefinus",2012,2016
"HADFAPL_5","Melanogrammus aeglefinus",2012,2017
"HADFAPL_6","Melanogrammus aeglefinus",2012,2018
"HERRIsum_1","Clupea harengus",2011,2013
"HERRIsum_2","Clupea harengus",2011,2014
"HERRIsum_3","Clupea harengus",2011,2015
"HERRIsum_4","Clupea harengus",2011,2016
"HERRIsum_5","Clupea harengus",2011,2017
"HERRIsum_6","Clupea harengus",2011,2018
"POLLIEG_1","Pollachius virens",2012,2013
"POLLIEG_2","Pollachius virens",2012,2014
"POLLIEG_3","Pollachius virens",2012,2015
"POLLIEG_4","Pollachius virens",2012,2016
"POLLIEG_5","Pollachius virens",2012,2017
"POLLIEG_6","Pollachius virens",2012,2018
"HERR2224IIIa_1","Clupea harengus",2011,2013
"HERR2224IIIa_2","Clupea harengus",2011,2014
"HERR2224IIIa_3","Clupea harengus",2011,2015
"HERR2224IIIa_4","Clupea harengus",2011,2016
"HERR2224IIIa_5","Clupea harengus",2011,2017
"HERR2224IIIa_6","Clupea harengus",2011,2018
"HERRNIRS_1","Clupea harengus",2010,2013
"HERRNIRS_2","Clupea harengus",2010,2014
"HERRNIRS_3","Clupea harengus",2010,2015
"HERRNIRS_4","Clupea harengus",2010,2016
"HERRNIRS_5","Clupea harengus",2010,2017
"HERRNIRS_6","Clupea harengus",2010,2018
"HERRNS-IIIa-VIId_1","Clupea harengus",2011,2013
"HERRNS-IIIa-VIId_2","Clupea harengus",2011,2014
"HERRNS-IIIa-VIId_3","Clupea harengus",2011,2015
"HERRNS-IIIa-VIId_4","Clupea harengus",2011,2016
"HERRNS-IIIa-VIId_5","Clupea harengus",2011,2017
"HERRNS-IIIa-VIId_6","Clupea harengus",2011,2018
"HERRRIGA_1","Clupea harengus",2011,2013
"HERRRIGA_2","Clupea harengus",2011,2014
"HERRRIGA_3","Clupea harengus",2011,2015
"HERRRIGA_4","Clupea harengus",2011,2016
"HERRRIGA_5","Clupea harengus",2011,2017
"HERRRIGA_6","Clupea harengus",2011,2018
"SPRAT22-32_1","Sprattus sprattus",2011,2013
"SPRAT22-32_2","Sprattus sprattus",2011,2014
"SPRAT22-32_3","Sprattus sprattus",2011,2015
"SPRAT22-32_4","Sprattus sprattus",2011,2016
"SPRAT22-32_5","Sprattus sprattus",2011,2017
"SPRAT22-32_6","Sprattus sprattus",2011,2018
"HAKENRTN_1","Merluccius merluccius",2011,2013
"HAKENRTN_2","Merluccius merluccius",2011,2014
"HAKENRTN_3","Merluccius merluccius",2011,2015
"HAKENRTN_4","Merluccius merluccius",2011,2016
"HAKENRTN_5","Merluccius merluccius",2011,2017
"HAKENRTN_6","Merluccius merluccius",2011,2018
"SOLEVIIIab_1","Solea solea",2011,2013
"SOLEVIIIab_2","Solea solea",2011,2014
"SOLEVIIIab_3","Solea solea",2011,2015
"SOLEVIIIab_4","Solea solea",2011,2016
"SOLEVIIIab_5","Solea solea",2011,2017
"SOLEVIIIab_6","Solea solea",2011,2018
"SOLECS_1","Solea solea",2011,2013
"SOLECS_2","Solea solea",2011,2014
"SOLECS_3","Solea solea",2011,2015
"SOLECS_4","Solea solea",2011,2016
"SOLECS_5","Solea solea",2011,2017
"SOLECS_6","Solea solea",2011,2018
"SOLEIS_1","Solea solea",2011,2013
"SOLEIS_2","Solea solea",2011,2014
"SOLEIS_3","Solea solea",2011,2015
"SOLEIS_4","Solea solea",2011,2016
"SOLEIS_5","Solea solea",2011,2017
"SOLEIS_6","Solea solea",2011,2018
"WHITNS-VIId_1","Merlangius merlangus",2012,2013
"WHITNS-VIId_2","Merlangius merlangus",2012,2014
"WHITNS-VIId_3","Merlangius merlangus",2012,2015
"WHITNS-VIId_4","Merlangius merlangus",2012,2016
"WHITNS-VIId_5","Merlangius merlangus",2012,2017
"WHITNS-VIId_6","Merlangius merlangus",2012,2018
"CODNEAR_1","Gadus morhua",2011,2013
"CODNEAR_2","Gadus morhua",2011,2014
"CODNEAR_3","Gadus morhua",2011,2015
"CODNEAR_4","Gadus morhua",2011,2016
"CODNEAR_5","Gadus morhua",2011,2017
"CODNEAR_6","Gadus morhua",2011,2018
"CODFAPL_1","Gadus morhua",2012,2013
"CODFAPL_2","Gadus morhua",2012,2014
"CODFAPL_3","Gadus morhua",2012,2015
"CODFAPL_4","Gadus morhua",2012,2016
"CODFAPL_5","Gadus morhua",2012,2017
"CODFAPL_6","Gadus morhua",2012,2018
"POLLFAPL_1","Pollachius virens",2012,2013
"POLLFAPL_2","Pollachius virens",2012,2014
"POLLFAPL_3","Pollachius virens",2012,2015
"POLLFAPL_4","Pollachius virens",2012,2016
"POLLFAPL_5","Pollachius virens",2012,2017
"POLLFAPL_6","Pollachius virens",2012,2018
"SEELNSSA1_7","Ammodytes spp",2013,2014
"SEELNSSA1_8","Ammodytes spp",2013,2015
"SEELNSSA1_9","Ammodytes spp",2013,2016
"SEELNSSA1_10","Ammodytes spp",2013,2017
"SEELNSSA1_11","Ammodytes spp",2013,2018
"SEELNSSA1_12","Ammodytes spp",2014,2015
"SEELNSSA1_13","Ammodytes spp",2014,2016
"SEELNSSA1_14","Ammodytes spp",2014,2017
"SEELNSSA1_15","Ammodytes spp",2014,2018
"SEELNSSA1_16","Ammodytes spp",2015,2016
"SEELNSSA1_17","Ammodytes spp",2015,2017
"SEELNSSA1_18","Ammodytes spp",2015,2018
"SEELNSSA1_19","Ammodytes spp",2016,2017
"SEELNSSA1_20","Ammodytes spp",2016,2018
"SEELNSSA1_21","Ammodytes spp",2017,2018
"SEELNSSA2_7","Ammodytes spp",2013,2014
"SEELNSSA2_8","Ammodytes spp",2013,2015
"SEELNSSA2_9","Ammodytes spp",2013,2016
"SEELNSSA2_10","Ammodytes spp",2013,2017
"SEELNSSA2_11","Ammodytes spp",2013,2018
"SEELNSSA2_12","Ammodytes spp",2014,2015
"SEELNSSA2_13","Ammodytes spp",2014,2016
"SEELNSSA2_14","Ammodytes spp",2014,2017
"SEELNSSA2_15","Ammodytes spp",2014,2018
"SEELNSSA2_16","Ammodytes spp",2015,2016
"SEELNSSA2_17","Ammodytes spp",2015,2017
"SEELNSSA2_18","Ammodytes spp",2015,2018
"SEELNSSA2_19","Ammodytes spp",2016,2017
"SEELNSSA2_20","Ammodytes spp",2016,2018
"SEELNSSA2_21","Ammodytes spp",2017,2018
"SEELNSSA3_7","Ammodytes spp",2013,2014
"SEELNSSA3_8","Ammodytes spp",2013,2015
"SEELNSSA3_9","Ammodytes spp",2013,2016
"SEELNSSA3_10","Ammodytes spp",2013,2017
"SEELNSSA3_11","Ammodytes spp",2013,2018
"SEELNSSA3_12","Ammodytes spp",2014,2015
"SEELNSSA3_13","Ammodytes spp",2014,2016
"SEELNSSA3_14","Ammodytes spp",2014,2017
"SEELNSSA3_15","Ammodytes spp",2014,2018
"SEELNSSA3_16","Ammodytes spp",2015,2016
"SEELNSSA3_17","Ammodytes spp",2015,2017
"SEELNSSA3_18","Ammodytes spp",2015,2018
"SEELNSSA3_19","Ammodytes spp",2016,2017
"SEELNSSA3_20","Ammodytes spp",2016,2018
"SEELNSSA3_21","Ammodytes spp",2017,2018
"SOLEIIIa-2224_7","Solea solea",2013,2014
"SOLEIIIa-2224_8","Solea solea",2013,2015
"SOLEIIIa-2224_9","Solea solea",2013,2016
"SOLEIIIa-2224_10","Solea solea",2013,2017
"SOLEIIIa-2224_11","Solea solea",2013,2018
"SOLEIIIa-2224_12","Solea solea",2014,2015
"SOLEIIIa-2224_13","Solea solea",2014,2016
"SOLEIIIa-2224_14","Solea solea",2014,2017
"SOLEIIIa-2224_15","Solea solea",2014,2018
"SOLEIIIa-2224_16","Solea solea",2015,2016
"SOLEIIIa-2224_17","Solea solea",2015,2017
"SOLEIIIa-2224_18","Solea solea",2015,2018
"SOLEIIIa-2224_19","Solea solea",2016,2017
"SOLEIIIa-2224_20","Solea solea",2016,2018
"SOLEIIIa-2224_21","Solea solea",2017,2018
"FMEG8c9a_7","Lepidorhombus boscii",2013,2014
"FMEG8c9a_8","Lepidorhombus boscii",2013,2015
"FMEG8c9a_9","Lepidorhombus boscii",2013,2016
"FMEG8c9a_10","Lepidorhombus boscii",2013,2017
"FMEG8c9a_11","Lepidorhombus boscii",2013,2018
"FMEG8c9a_12","Lepidorhombus boscii",2014,2015
"FMEG8c9a_13","Lepidorhombus boscii",2014,2016
"FMEG8c9a_14","Lepidorhombus boscii",2014,2017
"FMEG8c9a_15","Lepidorhombus boscii",2014,2018
"FMEG8c9a_16","Lepidorhombus boscii",2015,2016
"FMEG8c9a_17","Lepidorhombus boscii",2015,2017
"FMEG8c9a_18","Lepidorhombus boscii",2015,2018
"FMEG8c9a_19","Lepidorhombus boscii",2016,2017
"FMEG8c9a_20","Lepidorhombus boscii",2016,2018
"FMEG8c9a_21","Lepidorhombus boscii",2017,2018
"HAKESOTH_7","Merluccius merluccius",2013,2014
"HAKESOTH_8","Merluccius merluccius",2013,2015
"HAKESOTH_9","Merluccius merluccius",2013,2016
"HAKESOTH_10","Merluccius merluccius",2013,2017
"HAKESOTH_11","Merluccius merluccius",2013,2018
"HAKESOTH_12","Merluccius merluccius",2014,2015
"HAKESOTH_13","Merluccius merluccius",2014,2016
"HAKESOTH_14","Merluccius merluccius",2014,2017
"HAKESOTH_15","Merluccius merluccius",2014,2018
"HAKESOTH_16","Merluccius merluccius",2015,2016
"HAKESOTH_17","Merluccius merluccius",2015,2017
"HAKESOTH_18","Merluccius merluccius",2015,2018
"HAKESOTH_19","Merluccius merluccius",2016,2017
"HAKESOTH_20","Merluccius merluccius",2016,2018
"HAKESOTH_21","Merluccius merluccius",2017,2018
"MEG8c9a_7","Lepidorhombus whiffiagonis",2013,2014
"MEG8c9a_8","Lepidorhombus whiffiagonis",2013,2015
"MEG8c9a_9","Lepidorhombus whiffiagonis",2013,2016
"MEG8c9a_10","Lepidorhombus whiffiagonis",2013,2017
"MEG8c9a_11","Lepidorhombus whiffiagonis",2013,2018
"MEG8c9a_12","Lepidorhombus whiffiagonis",2014,2015
"MEG8c9a_13","Lepidorhombus whiffiagonis",2014,2016
"MEG8c9a_14","Lepidorhombus whiffiagonis",2014,2017
"MEG8c9a_15","Lepidorhombus whiffiagonis",2014,2018
"MEG8c9a_16","Lepidorhombus whiffiagonis",2015,2016
"MEG8c9a_17","Lepidorhombus whiffiagonis",2015,2017
"MEG8c9a_18","Lepidorhombus whiffiagonis",2015,2018
"MEG8c9a_19","Lepidorhombus whiffiagonis",2016,2017
"MEG8c9a_20","Lepidorhombus whiffiagonis",2016,2018
"MEG8c9a_21","Lepidorhombus whiffiagonis",2017,2018
"SOLEVIIe_7","Solea solea",2013,2014
"SOLEVIIe_8","Solea solea",2013,2015
"SOLEVIIe_9","Solea solea",2013,2016
"SOLEVIIe_10","Solea solea",2013,2017
"SOLEVIIe_11","Solea solea",2013,2018
"SOLEVIIe_12","Solea solea",2014,2015
"SOLEVIIe_13","Solea solea",2014,2016
"SOLEVIIe_14","Solea solea",2014,2017
"SOLEVIIe_15","Solea solea",2014,2018
"SOLEVIIe_16","Solea solea",2015,2016
"SOLEVIIe_17","Solea solea",2015,2017
"SOLEVIIe_18","Solea solea",2015,2018
"SOLEVIIe_19","Solea solea",2016,2017
"SOLEVIIe_20","Solea solea",2016,2018
"SOLEVIIe_21","Solea solea",2017,2018
"PLAICNS_7","Pleuronectes platessa",2013,2014
"PLAICNS_8","Pleuronectes platessa",2013,2015
"PLAICNS_9","Pleuronectes platessa",2013,2016
"PLAICNS_10","Pleuronectes platessa",2013,2017
"PLAICNS_11","Pleuronectes platessa",2013,2018
"PLAICNS_12","Pleuronectes platessa",2014,2015
"PLAICNS_13","Pleuronectes platessa",2014,2016
"PLAICNS_14","Pleuronectes platessa",2014,2017
"PLAICNS_15","Pleuronectes platessa",2014,2018
"PLAICNS_16","Pleuronectes platessa",2015,2016
"PLAICNS_17","Pleuronectes platessa",2015,2017
"PLAICNS_18","Pleuronectes platessa",2015,2018
"PLAICNS_19","Pleuronectes platessa",2016,2017
"PLAICNS_20","Pleuronectes platessa",2016,2018
"PLAICNS_21","Pleuronectes platessa",2017,2018
"SOLENS_7","Solea solea",2013,2014
"SOLENS_8","Solea solea",2013,2015
"SOLENS_9","Solea solea",2013,2016
"SOLENS_10","Solea solea",2013,2017
"SOLENS_11","Solea solea",2013,2018
"SOLENS_12","Solea solea",2014,2015
"SOLENS_13","Solea solea",2014,2016
"SOLENS_14","Solea solea",2014,2017
"SOLENS_15","Solea solea",2014,2018
"SOLENS_16","Solea solea",2015,2016
"SOLENS_17","Solea solea",2015,2017
"SOLENS_18","Solea solea",2015,2018
"SOLENS_19","Solea solea",2016,2017
"SOLENS_20","Solea solea",2016,2018
"SOLENS_21","Solea solea",2017,2018
"SOLEVIId_7","Solea solea",2013,2014
"SOLEVIId_8","Solea solea",2013,2015
"SOLEVIId_9","Solea solea",2013,2016
"SOLEVIId_10","Solea solea",2013,2017
"SOLEVIId_11","Solea solea",2013,2018
"SOLEVIId_12","Solea solea",2014,2015
"SOLEVIId_13","Solea solea",2014,2016
"SOLEVIId_14","Solea solea",2014,2017
"SOLEVIId_15","Solea solea",2014,2018
"SOLEVIId_16","Solea solea",2015,2016
"SOLEVIId_17","Solea solea",2015,2017
"SOLEVIId_18","Solea solea",2015,2018
"SOLEVIId_19","Solea solea",2016,2017
"SOLEVIId_20","Solea solea",2016,2018
"SOLEVIId_21","Solea solea",2017,2018
"CODICE_7","Gadus morhua",2013,2014
"CODICE_8","Gadus morhua",2013,2015
"CODICE_9","Gadus morhua",2013,2016
"CODICE_10","Gadus morhua",2013,2017
"CODICE_11","Gadus morhua",2013,2018
"CODICE_12","Gadus morhua",2014,2015
"CODICE_13","Gadus morhua",2014,2016
"CODICE_14","Gadus morhua",2014,2017
"CODICE_15","Gadus morhua",2014,2018
"CODICE_16","Gadus morhua",2015,2016
"CODICE_17","Gadus morhua",2015,2017
"CODICE_18","Gadus morhua",2015,2018
"CODICE_19","Gadus morhua",2016,2017
"CODICE_20","Gadus morhua",2016,2018
"CODICE_21","Gadus morhua",2017,2018
"HADFAPL_7","Melanogrammus aeglefinus",2013,2014
"HADFAPL_8","Melanogrammus aeglefinus",2013,2015
"HADFAPL_9","Melanogrammus aeglefinus",2013,2016
"HADFAPL_10","Melanogrammus aeglefinus",2013,2017
"HADFAPL_11","Melanogrammus aeglefinus",2013,2018
"HADFAPL_12","Melanogrammus aeglefinus",2014,2015
"HADFAPL_13","Melanogrammus aeglefinus",2014,2016
"HADFAPL_14","Melanogrammus aeglefinus",2014,2017
"HADFAPL_15","Melanogrammus aeglefinus",2014,2018
"HADFAPL_16","Melanogrammus aeglefinus",2015,2016
"HADFAPL_17","Melanogrammus aeglefinus",2015,2017
"HADFAPL_18","Melanogrammus aeglefinus",2015,2018
"HADFAPL_19","Melanogrammus aeglefinus",2016,2017
"HADFAPL_20","Melanogrammus aeglefinus",2016,2018
"HADFAPL_21","Melanogrammus aeglefinus",2017,2018
"HERRIsum_7","Clupea harengus",2013,2014
"HERRIsum_8","Clupea harengus",2013,2015
"HERRIsum_9","Clupea harengus",2013,2016
"HERRIsum_10","Clupea harengus",2013,2017
"HERRIsum_11","Clupea harengus",2013,2018
"HERRIsum_12","Clupea harengus",2014,2015
"HERRIsum_13","Clupea harengus",2014,2016
"HERRIsum_14","Clupea harengus",2014,2017
"HERRIsum_15","Clupea harengus",2014,2018
"HERRIsum_16","Clupea harengus",2015,2016
"HERRIsum_17","Clupea harengus",2015,2017
"HERRIsum_18","Clupea harengus",2015,2018
"HERRIsum_19","Clupea harengus",2016,2017
"HERRIsum_20","Clupea harengus",2016,2018
"HERRIsum_21","Clupea harengus",2017,2018
"POLLIEG_7","Pollachius virens",2013,2014
"POLLIEG_8","Pollachius virens",2013,2015
"POLLIEG_9","Pollachius virens",2013,2016
"POLLIEG_10","Pollachius virens",2013,2017
"POLLIEG_11","Pollachius virens",2013,2018
"POLLIEG_12","Pollachius virens",2014,2015
"POLLIEG_13","Pollachius virens",2014,2016
"POLLIEG_14","Pollachius virens",2014,2017
"POLLIEG_15","Pollachius virens",2014,2018
"POLLIEG_16","Pollachius virens",2015,2016
"POLLIEG_17","Pollachius virens",2015,2017
"POLLIEG_18","Pollachius virens",2015,2018
"POLLIEG_19","Pollachius virens",2016,2017
"POLLIEG_20","Pollachius virens",2016,2018
"POLLIEG_21","Pollachius virens",2017,2018
"HERR2224IIIa_7","Clupea harengus",2013,2014
"HERR2224IIIa_8","Clupea harengus",2013,2015
"HERR2224IIIa_9","Clupea harengus",2013,2016
"HERR2224IIIa_10","Clupea harengus",2013,2017
"HERR2224IIIa_11","Clupea harengus",2013,2018
"HERR2224IIIa_12","Clupea harengus",2014,2015
"HERR2224IIIa_13","Clupea harengus",2014,2016
"HERR2224IIIa_14","Clupea harengus",2014,2017
"HERR2224IIIa_15","Clupea harengus",2014,2018
"HERR2224IIIa_16","Clupea harengus",2015,2016
"HERR2224IIIa_17","Clupea harengus",2015,2017
"HERR2224IIIa_18","Clupea harengus",2015,2018
"HERR2224IIIa_19","Clupea harengus",2016,2017
"HERR2224IIIa_20","Clupea harengus",2016,2018
"HERR2224IIIa_21","Clupea harengus",2017,2018
"HERRNIRS_7","Clupea harengus",2013,2014
"HERRNIRS_8","Clupea harengus",2013,2015
"HERRNIRS_9","Clupea harengus",2013,2016
"HERRNIRS_10","Clupea harengus",2013,2017
"HERRNIRS_11","Clupea harengus",2013,2018
"HERRNIRS_12","Clupea harengus",2014,2015
"HERRNIRS_13","Clupea harengus",2014,2016
"HERRNIRS_14","Clupea harengus",2014,2017
"HERRNIRS_15","Clupea harengus",2014,2018
"HERRNIRS_16","Clupea harengus",2015,2016
"HERRNIRS_17","Clupea harengus",2015,2017
"HERRNIRS_18","Clupea harengus",2015,2018
"HERRNIRS_19","Clupea harengus",2016,2017
"HERRNIRS_20","Clupea harengus",2016,2018
"HERRNIRS_21","Clupea harengus",2017,2018
"HERRNS-IIIa-VIId_7","Clupea harengus",2013,2014
"HERRNS-IIIa-VIId_8","Clupea harengus",2013,2015
"HERRNS-IIIa-VIId_9","Clupea harengus",2013,2016
"HERRNS-IIIa-VIId_10","Clupea harengus",2013,2017
"HERRNS-IIIa-VIId_11","Clupea harengus",2013,2018
"HERRNS-IIIa-VIId_12","Clupea harengus",2014,2015
"HERRNS-IIIa-VIId_13","Clupea harengus",2014,2016
"HERRNS-IIIa-VIId_14","Clupea harengus",2014,2017
"HERRNS-IIIa-VIId_15","Clupea harengus",2014,2018
"HERRNS-IIIa-VIId_16","Clupea harengus",2015,2016
"HERRNS-IIIa-VIId_17","Clupea harengus",2015,2017
"HERRNS-IIIa-VIId_18","Clupea harengus",2015,2018
"HERRNS-IIIa-VIId_19","Clupea harengus",2016,2017
"HERRNS-IIIa-VIId_20","Clupea harengus",2016,2018
"HERRNS-IIIa-VIId_21","Clupea harengus",2017,2018
"HERRRIGA_7","Clupea harengus",2013,2014
"HERRRIGA_8","Clupea harengus",2013,2015
"HERRRIGA_9","Clupea harengus",2013,2016
"HERRRIGA_10","Clupea harengus",2013,2017
"HERRRIGA_11","Clupea harengus",2013,2018
"HERRRIGA_12","Clupea harengus",2014,2015
"HERRRIGA_13","Clupea harengus",2014,2016
"HERRRIGA_14","Clupea harengus",2014,2017
"HERRRIGA_15","Clupea harengus",2014,2018
"HERRRIGA_16","Clupea harengus",2015,2016
"HERRRIGA_17","Clupea harengus",2015,2017
"HERRRIGA_18","Clupea harengus",2015,2018
"HERRRIGA_19","Clupea harengus",2016,2017
"HERRRIGA_20","Clupea harengus",2016,2018
"HERRRIGA_21","Clupea harengus",2017,2018
"SPRAT22-32_7","Sprattus sprattus",2013,2014
"SPRAT22-32_8","Sprattus sprattus",2013,2015
"SPRAT22-32_9","Sprattus sprattus",2013,2016
"SPRAT22-32_10","Sprattus sprattus",2013,2017
"SPRAT22-32_11","Sprattus sprattus",2013,2018
"SPRAT22-32_12","Sprattus sprattus",2014,2015
"SPRAT22-32_13","Sprattus sprattus",2014,2016
"SPRAT22-32_14","Sprattus sprattus",2014,2017
"SPRAT22-32_15","Sprattus sprattus",2014,2018
"SPRAT22-32_16","Sprattus sprattus",2015,2016
"SPRAT22-32_17","Sprattus sprattus",2015,2017
"SPRAT22-32_18","Sprattus sprattus",2015,2018
"SPRAT22-32_19","Sprattus sprattus",2016,2017
"SPRAT22-32_20","Sprattus sprattus",2016,2018
"SPRAT22-32_21","Sprattus sprattus",2017,2018
"HAKENRTN_7","Merluccius merluccius",2013,2014
"HAKENRTN_8","Merluccius merluccius",2013,2015
"HAKENRTN_9","Merluccius merluccius",2013,2016
"HAKENRTN_10","Merluccius merluccius",2013,2017
"HAKENRTN_11","Merluccius merluccius",2013,2018
"HAKENRTN_12","Merluccius merluccius",2014,2015
"HAKENRTN_13","Merluccius merluccius",2014,2016
"HAKENRTN_14","Merluccius merluccius",2014,2017
"HAKENRTN_15","Merluccius merluccius",2014,2018
"HAKENRTN_16","Merluccius merluccius",2015,2016
"HAKENRTN_17","Merluccius merluccius",2015,2017
"HAKENRTN_18","Merluccius merluccius",2015,2018
"HAKENRTN_19","Merluccius merluccius",2016,2017
"HAKENRTN_20","Merluccius merluccius",2016,2018
"HAKENRTN_21","Merluccius merluccius",2017,2018
"SOLEVIIIab_7","Solea solea",2013,2014
"SOLEVIIIab_8","Solea solea",2013,2015
"SOLEVIIIab_9","Solea solea",2013,2016
"SOLEVIIIab_10","Solea solea",2013,2017
"SOLEVIIIab_11","Solea solea",2013,2018
"SOLEVIIIab_12","Solea solea",2014,2015
"SOLEVIIIab_13","Solea solea",2014,2016
"SOLEVIIIab_14","Solea solea",2014,2017
"SOLEVIIIab_15","Solea solea",2014,2018
"SOLEVIIIab_16","Solea solea",2015,2016
"SOLEVIIIab_17","Solea solea",2015,2017
"SOLEVIIIab_18","Solea solea",2015,2018
"SOLEVIIIab_19","Solea solea",2016,2017
"SOLEVIIIab_20","Solea solea",2016,2018
"SOLEVIIIab_21","Solea solea",2017,2018
"SOLECS_7","Solea solea",2013,2014
"SOLECS_8","Solea solea",2013,2015
"SOLECS_9","Solea solea",2013,2016
"SOLECS_10","Solea solea",2013,2017
"SOLECS_11","Solea solea",2013,2018
"SOLECS_12","Solea solea",2014,2015
"SOLECS_13","Solea solea",2014,2016
"SOLECS_14","Solea solea",2014,2017
"SOLECS_15","Solea solea",2014,2018
"SOLECS_16","Solea solea",2015,2016
"SOLECS_17","Solea solea",2015,2017
"SOLECS_18","Solea solea",2015,2018
"SOLECS_19","Solea solea",2016,2017
"SOLECS_20","Solea solea",2016,2018
"SOLECS_21","Solea solea",2017,2018
"SOLEIS_7","Solea solea",2013,2014
"SOLEIS_8","Solea solea",2013,2015
"SOLEIS_9","Solea solea",2013,2016
"SOLEIS_10","Solea solea",2013,2017
"SOLEIS_11","Solea solea",2013,2018
"SOLEIS_12","Solea solea",2014,2015
"SOLEIS_13","Solea solea",2014,2016
"SOLEIS_14","Solea solea",2014,2017
"SOLEIS_15","Solea solea",2014,2018
"SOLEIS_16","Solea solea",2015,2016
"SOLEIS_17","Solea solea",2015,2017
"SOLEIS_18","Solea solea",2015,2018
"SOLEIS_19","Solea solea",2016,2017
"SOLEIS_20","Solea solea",2016,2018
"SOLEIS_21","Solea solea",2017,2018
"WHITNS-VIId_7","Merlangius merlangus",2013,2014
"WHITNS-VIId_8","Merlangius merlangus",2013,2015
"WHITNS-VIId_9","Merlangius merlangus",2013,2016
"WHITNS-VIId_10","Merlangius merlangus",2013,2017
"WHITNS-VIId_11","Merlangius merlangus",2013,2018
"WHITNS-VIId_12","Merlangius merlangus",2014,2015
"WHITNS-VIId_13","Merlangius merlangus",2014,2016
"WHITNS-VIId_14","Merlangius merlangus",2014,2017
"WHITNS-VIId_15","Merlangius merlangus",2014,2018
"WHITNS-VIId_16","Merlangius merlangus",2015,2016
"WHITNS-VIId_17","Merlangius merlangus",2015,2017
"WHITNS-VIId_18","Merlangius merlangus",2015,2018
"WHITNS-VIId_19","Merlangius merlangus",2016,2017
"WHITNS-VIId_20","Merlangius merlangus",2016,2018
"WHITNS-VIId_21","Merlangius merlangus",2017,2018
"CODNEAR_7","Gadus morhua",2013,2014
"CODNEAR_8","Gadus morhua",2013,2015
"CODNEAR_9","Gadus morhua",2013,2016
"CODNEAR_10","Gadus morhua",2013,2017
"CODNEAR_11","Gadus morhua",2013,2018
"CODNEAR_12","Gadus morhua",2014,2015
"CODNEAR_13","Gadus morhua",2014,2016
"CODNEAR_14","Gadus morhua",2014,2017
"CODNEAR_15","Gadus morhua",2014,2018
"CODNEAR_16","Gadus morhua",2015,2016
"CODNEAR_17","Gadus morhua",2015,2017
"CODNEAR_18","Gadus morhua",2015,2018
"CODNEAR_19","Gadus morhua",2016,2017
"CODNEAR_20","Gadus morhua",2016,2018
"CODNEAR_21","Gadus morhua",2017,2018
"CODFAPL_7","Gadus morhua",2013,2014
"CODFAPL_8","Gadus morhua",2013,2015
"CODFAPL_9","Gadus morhua",2013,2016
"CODFAPL_10","Gadus morhua",2013,2017
"CODFAPL_11","Gadus morhua",2013,2018
"CODFAPL_12","Gadus morhua",2014,2015
"CODFAPL_13","Gadus morhua",2014,2016
"CODFAPL_14","Gadus morhua",2014,2017
"CODFAPL_15","Gadus morhua",2014,2018
"CODFAPL_16","Gadus morhua",2015,2016
"CODFAPL_17","Gadus morhua",2015,2017
"CODFAPL_18","Gadus morhua",2015,2018
"CODFAPL_19","Gadus morhua",2016,2017
"CODFAPL_20","Gadus morhua",2016,2018
"CODFAPL_21","Gadus morhua",2017,2018
"POLLFAPL_7","Pollachius virens",2013,2014
"POLLFAPL_8","Pollachius virens",2013,2015
"POLLFAPL_9","Pollachius virens",2013,2016
"POLLFAPL_10","Pollachius virens",2013,2017
"POLLFAPL_11","Pollachius virens",2013,2018
"POLLFAPL_12","Pollachius virens",2014,2015
"POLLFAPL_13","Pollachius virens",2014,2016
"POLLFAPL_14","Pollachius virens",2014,2017
"POLLFAPL_15","Pollachius virens",2014,2018
"POLLFAPL_16","Pollachius virens",2015,2016
"POLLFAPL_17","Pollachius virens",2015,2017
"POLLFAPL_18","Pollachius virens",2015,2018
"POLLFAPL_19","Pollachius virens",2016,2017
"POLLFAPL_20","Pollachius virens",2016,2018
"POLLFAPL_21","Pollachius virens",2017,2018
"HERRSIRS_1","Clupea harengus",2010,2012
"HERRSIRS_2","Clupea harengus",2010,2013
"HERRSIRS_3","Clupea harengus",2010,2014
"HERRSIRS_4","Clupea harengus",2010,2015
"HERRSIRS_5","Clupea harengus",2010,2016
"HERRSIRS_6","Clupea harengus",2010,2017
"HERRSIRS_7","Clupea harengus",2010,2018
"CODBA2224_1","Gadus morhua",2012,2013
"CODBA2224_2","Gadus morhua",2012,2014
"CODBA2224_3","Gadus morhua",2012,2015
"CODBA2224_4","Gadus morhua",2012,2016
"CODBA2224_5","Gadus morhua",2012,2016
"CODBA2224_6","Gadus morhua",2012,2017
"CODBA2224_7","Gadus morhua",2012,2018
"CODIIIaW-IV-VIId_1","Gadus morhua",2011,2013
"CODIIIaW-IV-VIId_2","Gadus morhua",2011,2014
"CODIIIaW-IV-VIId_3","Gadus morhua",2011,2015
"CODIIIaW-IV-VIId_4","Gadus morhua",2011,2016
"CODIIIaW-IV-VIId_5","Gadus morhua",2011,2016
"CODIIIaW-IV-VIId_6","Gadus morhua",2011,2017
"CODIIIaW-IV-VIId_7","Gadus morhua",2011,2018
"POLLNS-VI-IIIa_1","Pollachius virens",2012,2013
"POLLNS-VI-IIIa_2","Pollachius virens",2012,2014
"POLLNS-VI-IIIa_3","Pollachius virens",2012,2015
"POLLNS-VI-IIIa_4","Pollachius virens",2012,2016
"POLLNS-VI-IIIa_5","Pollachius virens",2012,2016
"POLLNS-VI-IIIa_6","Pollachius virens",2012,2017
"POLLNS-VI-IIIa_7","Pollachius virens",2012,2018
"HERRSIRS_8","Clupea harengus",2012,2013
"HERRSIRS_9","Clupea harengus",2012,2014
"HERRSIRS_10","Clupea harengus",2012,2015
"HERRSIRS_11","Clupea harengus",2012,2016
"HERRSIRS_12","Clupea harengus",2012,2017
"HERRSIRS_13","Clupea harengus",2012,2018
"HERRSIRS_14","Clupea harengus",2013,2014
"HERRSIRS_15","Clupea harengus",2013,2015
"HERRSIRS_16","Clupea harengus",2013,2016
"HERRSIRS_17","Clupea harengus",2013,2017
"HERRSIRS_18","Clupea harengus",2013,2018
"HERRSIRS_19","Clupea harengus",2014,2015
"HERRSIRS_20","Clupea harengus",2014,2016
"HERRSIRS_21","Clupea harengus",2014,2017
"HERRSIRS_22","Clupea harengus",2014,2018
"HERRSIRS_23","Clupea harengus",2015,2016
"HERRSIRS_24","Clupea harengus",2015,2017
"HERRSIRS_25","Clupea harengus",2015,2018
"HERRSIRS_26","Clupea harengus",2016,2017
"HERRSIRS_27","Clupea harengus",2016,2018
"HERRSIRS_28","Clupea harengus",2017,2018
"CODBA2224_8","Gadus morhua",2013,2014
"CODBA2224_9","Gadus morhua",2013,2015
"CODBA2224_10","Gadus morhua",2013,2016
"CODBA2224_11","Gadus morhua",2013,2016
"CODBA2224_12","Gadus morhua",2013,2017
"CODBA2224_13","Gadus morhua",2013,2018
"CODBA2224_14","Gadus morhua",2014,2015
"CODBA2224_15","Gadus morhua",2014,2016
"CODBA2224_16","Gadus morhua",2014,2016
"CODBA2224_17","Gadus morhua",2014,2017
"CODBA2224_18","Gadus morhua",2014,2018
"CODBA2224_19","Gadus morhua",2015,2016
"CODBA2224_20","Gadus morhua",2015,2016
"CODBA2224_21","Gadus morhua",2015,2017
"CODBA2224_22","Gadus morhua",2015,2018
"CODBA2224_23","Gadus morhua",2016,2016
"CODBA2224_24","Gadus morhua",2016,2017
"CODBA2224_25","Gadus morhua",2016,2018
"CODBA2224_26","Gadus morhua",2016,2017
"CODBA2224_27","Gadus morhua",2016,2018
"CODBA2224_28","Gadus morhua",2017,2018
"CODIIIaW-IV-VIId_8","Gadus morhua",2013,2014
"CODIIIaW-IV-VIId_9","Gadus morhua",2013,2015
"CODIIIaW-IV-VIId_10","Gadus morhua",2013,2016
"CODIIIaW-IV-VIId_11","Gadus morhua",2013,2016
"CODIIIaW-IV-VIId_12","Gadus morhua",2013,2017
"CODIIIaW-IV-VIId_13","Gadus morhua",2013,2018
"CODIIIaW-IV-VIId_14","Gadus morhua",2014,2015
"CODIIIaW-IV-VIId_15","Gadus morhua",2014,2016
"CODIIIaW-IV-VIId_16","Gadus morhua",2014,2016
"CODIIIaW-IV-VIId_17","Gadus morhua",2014,2017
"CODIIIaW-IV-VIId_18","Gadus morhua",2014,2018
"CODIIIaW-IV-VIId_19","Gadus morhua",2015,2016
"CODIIIaW-IV-VIId_20","Gadus morhua",2015,2016
"CODIIIaW-IV-VIId_21","Gadus morhua",2015,2017
"CODIIIaW-IV-VIId_22","Gadus morhua",2015,2018
"CODIIIaW-IV-VIId_23","Gadus morhua",2016,2016
"CODIIIaW-IV-VIId_24","Gadus morhua",2016,2017
"CODIIIaW-IV-VIId_25","Gadus morhua",2016,2018
"CODIIIaW-IV-VIId_26","Gadus morhua",2016,2017
"CODIIIaW-IV-VIId_27","Gadus morhua",2016,2018
"CODIIIaW-IV-VIId_28","Gadus morhua",2017,2018
"POLLNS-VI-IIIa_8","Pollachius virens",2013,2014
"POLLNS-VI-IIIa_9","Pollachius virens",2013,2015
"POLLNS-VI-IIIa_10","Pollachius virens",2013,2016
"POLLNS-VI-IIIa_11","Pollachius virens",2013,2016
"POLLNS-VI-IIIa_12","Pollachius virens",2013,2017
"POLLNS-VI-IIIa_13","Pollachius virens",2013,2018
"POLLNS-VI-IIIa_14","Pollachius virens",2014,2015
"POLLNS-VI-IIIa_15","Pollachius virens",2014,2016
"POLLNS-VI-IIIa_16","Pollachius virens",2014,2016
"POLLNS-VI-IIIa_17","Pollachius virens",2014,2017
"POLLNS-VI-IIIa_18","Pollachius virens",2014,2018
"POLLNS-VI-IIIa_19","Pollachius virens",2015,2016
"POLLNS-VI-IIIa_20","Pollachius virens",2015,2016
"POLLNS-VI-IIIa_21","Pollachius virens",2015,2017
"POLLNS-VI-IIIa_22","Pollachius virens",2015,2018
"POLLNS-VI-IIIa_23","Pollachius virens",2016,2016
"POLLNS-VI-IIIa_24","Pollachius virens",2016,2017
"POLLNS-VI-IIIa_25","Pollachius virens",2016,2018
"POLLNS-VI-IIIa_26","Pollachius virens",2016,2017
"POLLNS-VI-IIIa_27","Pollachius virens",2016,2018
"POLLNS-VI-IIIa_28","Pollachius virens",2017,2018
